,Mean ROC AUC,Precision,Recall,F Beta Score,Support
XGBoost,0.6633875,[0.73085847 0.52631579],[0.97222222 0.07936508],[0.83443709 0.13793103],[324 126]
KNeighbors Classifier,0.5964499999999999,[0.74663073 0.40506329],[0.85493827 0.25396825],[0.7971223  0.31219512],[324 126]
RandomForest Classifier 100 trees,0.6472480769230768,[0.74004684 0.65217391],[0.97530864 0.11904762],[0.84154461 0.20134228],[324 126]
RandomForest Classifier 200 trees,0.6517971153846153,[0.74299065 0.72727273],[0.98148148 0.12698413],[0.84574468 0.21621622],[324 126]
RandomForest Classifier 400 trees,0.6514298076923077,[0.74238876 0.69565217],[0.97839506 0.12698413],[0.84420772 0.2147651 ],[324 126]
SVM Classifier,0.508426923076923,[0.71937639 0.        ],[0.99691358 0.        ],[0.83570505 0.        ],[324 126]
LogisticRegression,0.6164807692307692,[0.72247706 0.35714286],[0.97222222 0.03968254],[0.82894737 0.07142857],[324 126]
